{"cameraMode":{"drawMode":0,"name":"Shaded","section":"Shading Mode"},"sceneLighting":true,"audioPlay":false,"sceneViewState":{"showFog":true,"showMaterialUpdate":false,"showSkybox":true,"showFlares":true,"showImageEffects":true,"showParticleSystems":true},"in2DMode":false,"pivot":{"x":7.012275218963623,"y":5.310544490814209,"z":-1.7037988901138306},"rotation":{"x":0.004185894969850779,"y":-0.04588615894317627,"z":-0.0001923345698742196,"w":-0.9989379048347473},"size":9.613957405090332,"orthographic":false}